<bookmarks version="2">
    <file filename="ms0:/PSP/GAME/BOOKR/BOOKS/1984.TXT">
        <lastview title="FIX PLAIN TEXT TITLES" page="14" createdon="to do: creation date">
            <viewdata key="rotation" value="0" />
            <viewdata key="topLine" value="195" />
            <viewdata key="zoom" value="0" />
        </lastview>
    </file>
    <file filename="ms0:/PSP/GAME/BOOKR/BOOKS/final_fantasy_ix_na.txt">
        <lastview title="FIX PLAIN TEXT TITLES" page="7" createdon="to do: creation date">
            <viewdata key="rotation" value="0" />
            <viewdata key="topLine" value="90" />
            <viewdata key="zoom" value="0" />
        </lastview>
    </file>
    <file filename="ms0:/ISO/dragon_ball_z_shin_budokai_a.txt">
        <lastview title="FIX PLAIN TEXT TITLES" page="14" createdon="to do: creation date">
            <viewdata key="rotation" value="0" />
            <viewdata key="topLine" value="209" />
            <viewdata key="zoom" value="0" />
        </lastview>
    </file>
    <file filename="ms0:/netlog8.txt">
        <lastview title="FIX PLAIN TEXT TITLES" page="8" createdon="to do: creation date">
            <viewdata key="rotation" value="0" />
            <viewdata key="topLine" value="112" />
            <viewdata key="zoom" value="0" />
        </lastview>
    </file>
    <file filename="ms0:/netlog.txt">
        <lastview title="FIX PLAIN TEXT TITLES" page="33" createdon="to do: creation date">
            <viewdata key="rotation" value="0" />
            <viewdata key="topLine" value="480" />
            <viewdata key="zoom" value="0" />
        </lastview>
    </file>
</bookmarks>
